{
    "args": {
        "batch_size": 64,
        "batch_size_valid": 1,
        "cuda_device": -1,
        "debug": false,
        "epochs": 1000,
        "fbins": 262,
        "fmin": 32.9,
        "fscale": "bark",
        "lr": 0.001,
        "lr_decay_gamma": 0.3,
        "lr_decay_patience": 80,
        "nb_workers": 4,
        "patience": 1000,
        "quiet": false,
        "samples_per_track": 64,
        "seed": 42,
        "seq_dur": 2.0,
        "weight_decay": 1e-05
    },
    "best_epoch": 143,
    "best_loss": 0.039513049580688984,
    "epochs_trained": 144,
    "num_bad_epochs": 1,
    "train_loss_history": [
        0.032720325536332855,
        0.025499262088953062,
        0.024185228984543058,
        0.02297769408932952,
        0.02320320390944564,
        0.021917570945481923,
        0.02157238889269011,
        0.02128239734054998,
        0.020049867122758958,
        0.02082520472102387,
        0.02052313846341053,
        0.020080574809811836,
        0.020240290816006964,
        0.020064027146111395,
        0.019809507602435904,
        0.019905847334844427,
        0.019829772651022256,
        0.0197271344490176,
        0.019450587686151266,
        0.019663491437948027,
        0.019107997255009966,
        0.01973504620755828,
        0.019416794321651377,
        0.018621842257765142,
        0.01860802172314982,
        0.019132450742777005,
        0.018807091273713942,
        0.01853948781743299,
        0.018422426309349926,
        0.018316590497919987,
        0.018299767736692066,
        0.018519742024499318,
        0.0180570860934812,
        0.01805442104895794,
        0.018415650461128977,
        0.01866058050113362,
        0.01801807670529152,
        0.018031108323051485,
        0.017937321389137312,
        0.017661404395259397,
        0.01735352677141511,
        0.01810590181023229,
        0.017429583803425696,
        0.017524294988360514,
        0.01782692927693905,
        0.01726341087284476,
        0.01728634987849482,
        0.017758914085408282,
        0.017449480892960414,
        0.017478672765888447,
        0.016873822894033996,
        0.017485149951954913,
        0.017213740158652843,
        0.017805415216486816,
        0.017338067174044458,
        0.017074630693207648,
        0.017173903626064923,
        0.016689707979906435,
        0.017219642729520104,
        0.017208841131177058,
        0.017102114715461813,
        0.01729360307285259,
        0.017385139768986507,
        0.016725119885577018,
        0.0171472218082568,
        0.017088805964259907,
        0.016530918282305084,
        0.016784756087026623,
        0.016442873515188694,
        0.016720378673960302,
        0.016853041253810704,
        0.01711273288657499,
        0.016624508328129384,
        0.016765640626206647,
        0.016038545093304196,
        0.016842642679897157,
        0.016483012067024096,
        0.017082478905226604,
        0.016489514149725437,
        0.016776796679423993,
        0.01634493932604443,
        0.016352956085790727,
        0.01604357049908749,
        0.016537413607503094,
        0.016296271028993434,
        0.016825075261294842,
        0.01618623520182662,
        0.01596283585612857,
        0.016559464109758306,
        0.01654543204579589,
        0.016538326119527567,
        0.016230880586040573,
        0.01636682919681419,
        0.016078540448879085,
        0.016421376738350753,
        0.016274352947813132,
        0.016043340722315533,
        0.016073195805210015,
        0.016282441321933686,
        0.016050355194872894,
        0.016186382978894683,
        0.015836088636586833,
        0.01618147826601946,
        0.015771163638334636,
        0.01586829269911314,
        0.01632346633042014,
        0.016144879454703526,
        0.015847861387788556,
        0.01617624296611825,
        0.01640252152804372,
        0.016103517025882422,
        0.016376530394217995,
        0.015838016842513583,
        0.01582796369181123,
        0.016121107153594494,
        0.015879022498983285,
        0.015497638811465613,
        0.015603371895849705,
        0.015915625013930852,
        0.015558901914330415,
        0.015931008784317,
        0.015828269663764986,
        0.01587542630515473,
        0.015329869973018419,
        0.01566014237441989,
        0.015932709206068933,
        0.01569420843233549,
        0.015751665847939113,
        0.016088292706584514,
        0.016115739519253026,
        0.015417295854625314,
        0.015831631976504657,
        0.015509985484789277,
        0.01601187637898811,
        0.01637227099042299,
        0.015669344826926324,
        0.015466224337213261,
        0.0158052874490792,
        0.015649009290216273,
        0.01535673893251738,
        0.015415383676110311,
        0.01569839037391682,
        0.015756912096295247,
        0.015394263413496489
    ],